window_seconds,test_job_gpu_records,unique_jobs,total_runtime_seconds,predictive_energy_proxy,stepped_40_60_80_100_energy_proxy,always_100_energy_proxy,saving_vs_always_100_pct,saving_vs_stepped_pct,mean_actual_peak_temp_C,mean_predicted_peak_temp_C,MAE_C,RMSE_C,predictive_energy_pct,stepped_energy_pct,always_100_energy_pct
10,411,400,10100834.93900013,694013.0358456783,6063298.917065106,10100834.93900013,93.12915179748123,88.55387066779136,50.15815085158151,49.72230254257908,7.035839911504963,10.508534189866365,6.87084820251877,60.027700221634404,100.0
30,411,400,10100834.93900013,678418.3381660399,6063298.917065106,10100834.93900013,93.28354198179586,88.81106890084807,50.15815085158151,49.834648866180046,6.104643137205546,9.5228550305679,6.716458018204144,60.027700221634404,100.0
60,411,400,10100834.93900013,844247.8772624005,6063298.917065106,10100834.93900013,91.64180107524882,86.0760967121995,50.15815085158151,49.93232871289538,5.916154740790671,9.244216967522965,8.358198924751182,60.027700221634404,100.0
120,411,400,10100834.93900013,698998.0356493698,6063298.917065106,10100834.93900013,93.07979944360359,88.47165470133683,50.15815085158151,49.66545861557177,5.3929048477878245,8.770484968364718,6.920200556396408,60.027700221634404,100.0
180,411,400,10100834.93900013,675938.7907446395,6063298.917065106,10100834.93900013,93.3080899269546,88.85196326306435,50.15815085158151,49.97746366909975,4.910923876611566,8.119127415641694,6.691910073045405,60.027700221634404,100.0
240,411,400,10100834.93900013,724024.3590093367,6063298.917065106,10100834.93900013,92.83203454583916,88.05890375993873,50.15815085158151,50.00385445742092,4.077903246357494,7.051937341957914,7.167965454160832,60.027700221634404,100.0
300,411,400,10100834.93900013,828218.6644354959,6063298.917065106,10100834.93900013,91.80049303411863,86.34046126103925,50.15815085158151,50.053518525547446,3.6911116783346283,6.776818602074257,8.19950696588138,60.027700221634404,100.0
360,411,400,10100834.93900013,857862.4808108194,6063298.917065106,10100834.93900013,91.50701416277437,85.85155552208762,50.15815085158151,49.983799897810215,3.164254594603304,6.0702511038446545,8.492985837225634,60.027700221634404,100.0
600,411,400,10100834.93900013,1816464.4068128786,6063298.917065106,10100834.93900013,82.01669052328175,70.04164842177822,50.15815085158151,49.97865613381995,2.376663565345634,4.796254714775863,17.98330947671825,60.027700221634404,100.0
