window_sec,selected_model,ridge_alpha,lasso_alpha,cv_r2,rmse,mae,r2
10,Lasso,0.6309573444801942,0.01,0.5620835323678861,11.126198666180048,8.385672341353395,0.5502668604908043
30,Ridge,1.0,1e-06,0.6100896272899086,10.61612336840909,7.9835891315435665,0.5905572518346756
60,Lasso,0.39810717055349776,0.006309573444801936,0.6429167037402931,10.277916542023327,7.569002409443285,0.6162296274954173
120,Lasso,0.25118864315095824,0.003981071705534973,0.6816387662224759,9.95511266576158,7.07048891247923,0.6399576157988787
180,Lasso,0.1,0.002511886431509582,0.7215053817174735,9.57788649256483,6.637330308492772,0.6667266078813907
240,Ridge,0.1,0.0006309573444801936,0.7515470217396139,9.108716589610149,6.2182938294113,0.6985775127898697
300,Ridge,0.1,0.0006309573444801936,0.7748787936864272,8.689017111495465,5.844283008850481,0.7257146733074977
360,Ridge,0.1,0.0006309573444801936,0.7961156823716997,8.294181068341453,5.496870890926482,0.750075809429435
600,Ridge,0.1,0.0006309573444801936,0.8518305823388335,6.886972343076991,4.381262362737413,0.8276870379965752
